user_name,user_id,video_id,video_desc,video_time,video_length,video_link,n_likes,n_shares,n_comments,n_plays
tiktok,107955,6994857340839234821,1 guy. 100M followers 🙌 💯  @khaby.lame,1628617138,34,https://www.tiktok.com/@tiktok/video/6994857340839234821?lang=en,384700,6087,56200,3100000
tiktok,107955,6994524321238535430,They inspired us in the heat of competition and they're still doing it. 🔥 We’re passing the phone to some of our faves from Tokyo. 👏✨,1628539600,46,https://www.tiktok.com/@tiktok/video/6994524321238535430?lang=en,40600,1765,6552,963000
tiktok,107955,6993026322121477382,"Meet the man behind the beat: @supvano.  This creator not only started the @adultswim trend, but created the music for it 💪🎶",1628190820,57,https://www.tiktok.com/@tiktok/video/6993026322121477382?lang=en,52600,3528,12600,925900
tiktok,107955,6985301663976279302,Check out LIVE Events’ new features with @tpain and discover how to be there when it happens.,1626392287,30,https://www.tiktok.com/@tiktok/video/6985301663976279302?lang=en,298100,7123,50400,11800000
tiktok,107955,6985171448541367557,We’ve teamed up with @astonmartinf1 to bring fans closer to the track than ever before! #WhereAllFansPlay #AstonMartinF1 #IAM,1626361969,27,https://www.tiktok.com/@tiktok/video/6985171448541367557?lang=en,82800,4557,17000,1500000
tiktok,107955,6984912873319304454,TikTok is the official fan sponsor of #EURO2020 ⚽ And we want to give back to the fans that help make this sport (and my fyp) great 🎉,1626301764,60,https://www.tiktok.com/@tiktok/video/6984912873319304454?lang=en,52500,1888,5878,1100000
tiktok,107955,6983019998151331077,"It started as a sound, and it's not stopping there 🔥  #JalebiBaby @tesher @jasonderulo",1625861044,28,https://www.tiktok.com/@tiktok/video/6983019998151331077?lang=en,88300,5036,13800,1400000
tiktok,107955,6982597526658583814,"calling all @dillonfrancis stans 📣 this producer-DJ is talking all about his new releases on #Headstream this Friday at 4PM PT, only on #TikTokLIVE",1625762680,15,https://www.tiktok.com/@tiktok/video/6982597526658583814?lang=en,34900,1906,6167,821700
tiktok,107955,6982359565727747334,thanks for your patience besties 🥺,1625707277,10,https://www.tiktok.com/@tiktok/video/6982359565727747334?lang=en,187000,2478,7210,3200000
tiktok,107955,6982134390751038725,We’re B-B-B-Bringing It Home 🏆 @sterling7 @kreptplaydirty @konanplaydirty #OleOle #euro2020 #itscominghome,1625654869,15,https://www.tiktok.com/@tiktok/video/6982134390751038725?lang=en,116500,2317,7805,2400000
tiktok,107955,6980485360165948677,"Searching for your dream job? Try #TikTokResumes to create a video resume that highlights your experience, career, and best work!",1625270904,29,https://www.tiktok.com/@tiktok/video/6980485360165948677?lang=en,247100,5655,5280,42800000
tiktok,107955,6979669345752468742,"@jbalvin is headlining the next #TikTokLIVE series #Headstream. Don't miss him and a snippet of his new single Friday, July 2 at 4 PM PT. 👊",1625080909,15,https://www.tiktok.com/@tiktok/video/6979669345752468742?lang=en,45700,5825,24200,901700
tiktok,107955,6977441054547037446,let the celebrations begin 🌈 join our 12-hour global livestream to close out #Pride with host @kesha. Check out the discover page to watch!,1624562094,21,https://www.tiktok.com/@tiktok/video/6977441054547037446?lang=en,62700,8925,21200,1400000
tiktok,107955,6977120553110949125,@edsheeran doesn’t miss with that new bop 👏 watch it performed LIVE at the TikTok UEFA @euro2020 show on Friday at 1PM PT. #EdTikTokLIVE,1624487473,15,https://www.tiktok.com/@tiktok/video/6977120553110949125?lang=en,72100,4548,7180,1500000
tiktok,107955,6977118678458305798,@anthonyramosofficial joins our #TikTokLIVE series #Headstream to all about his new album “Love and Lies.” Be there when it happens 👊,1624487036,15,https://www.tiktok.com/@tiktok/video/6977118678458305798?lang=en,24500,1037,2754,574800
tiktok,107955,6974862859000073478,this #ThrowbackTrend goes to the one-and-only @mikeposner 🎉 watch him reflect on making his iconic song & share his fave video from the trend,1623961812,45,https://www.tiktok.com/@tiktok/video/6974862859000073478?lang=en,79700,3537,11300,6200000
tiktok,107955,6974861385490631942,introducing: auto captions 🙌 make sure to use them in your next video. this feature is currently only available in the US.,1623961469,23,https://www.tiktok.com/@tiktok/video/6974861385490631942?lang=en,88100,2824,7211,1800000
tiktok,107955,6974483761492708614,@rivers_cuomo from @weezer joins our #TikTokLIVE series #Headstream for an unforgettable session this Friday at 4 PM PT. Be there when it happens 🎉,1623873546,15,https://www.tiktok.com/@tiktok/video/6974483761492708614?lang=en,32000,1197,5560,830400
tiktok,107955,6972634026284698886,Thank you for joining us for the This is API LIVE Celebration! See you next year! #APIHM #WeAreAPI,1623442871,30,https://www.tiktok.com/@tiktok/video/6972634026284698886?lang=en,40800,3261,6065,865700
tiktok,107955,6972614075897384198,The wait is finally over ⚽  Get ready to enjoy #EURO2020. #WhereFansPlay #TikTokEuro2020,1623438226,15,https://www.tiktok.com/@tiktok/video/6972614075897384198?lang=en,58100,2584,9506,1200000
tiktok,107955,6972225667123514629,#tbt = #ThrowbackTrend 👊 @natashabedingfield looks back at the moment her song went viral & show love to @rony_boyy & @escoupp for making it happen,1623347793,33,https://www.tiktok.com/@tiktok/video/6972225667123514629?lang=en,205300,2227,5113,3500000
tiktok,107955,6971905704646954246,@zoeweesofficial is taking the world by storm. And it all started on TikTok #ZoeWees #Control #NewEP #TikTokTalent,1623273296,27,https://www.tiktok.com/@tiktok/video/6971905704646954246?lang=en,48400,988,2702,964800
tiktok,107955,6971905099534830854,@coileray is on our #TikTokLIVE series #Headstream this Friday at 4PM PT/7PM ET. Be there when it happens 👊 #BlackMusic,1623273155,15,https://www.tiktok.com/@tiktok/video/6971905099534830854?lang=en,33000,1155,2574,954000
tiktok,107955,6970108814301416709,Don't miss @edsheeran performing at the TikTok UEFA Euro 2020 LIVE Show at 1 PM PT/ 4 PM ET on June 25. #EdTikTokLIVE,1622854925,44,https://www.tiktok.com/@tiktok/video/6970108814301416709?lang=en,77500,3299,25700,2200000
tiktok,107955,6969640743744867589,@billnye dropped some 💎‘s of wisdom on the #ForYouPodcast with @brittany_broski. Make sure to listen and subscribe for new episodes each week.,1622745943,12,https://www.tiktok.com/@tiktok/video/6969640743744867589?lang=en,751300,11800,10500,10400000
tiktok,107955,6967527248932916486,"This month and every month, TikTok is #ForYourPride 🏳️‍🌈 A place where everyone is #FreeToBe 💕",1622253858,60,https://www.tiktok.com/@tiktok/video/6967527248932916486?lang=en,938300,15900,5849,144900000
tiktok,107955,6967404763520453893,This week’s guest on our #TikTokLIVE series #Headstream? @pinkofficial 🔥 She’ll be talking about “All I Know So Far” today at 4PM PT/ 7PM ET!,1622225338,15,https://www.tiktok.com/@tiktok/video/6967404763520453893?lang=en,61800,3484,15200,1300000
tiktok,107955,6967050171465157893,It’s gonna be a night you won’t forget 🔥 join @jayparkisoverparty when he takes the stage tonight at 6PM PT/9PM ET #WeAreAPI,1622142779,19,https://www.tiktok.com/@tiktok/video/6967050171465157893?lang=en,58600,2906,5388,1800000
tiktok,107955,6966729226493906182,@yunamusic will take the stage during our #TikTokLIVE celebration to close out #APIHM. You don’t wanna miss this epic night 🙌 #WeAreAPI,1622068054,21,https://www.tiktok.com/@tiktok/video/6966729226493906182?lang=en,49000,2007,4397,1400000
tiktok,107955,6965975351193308422,We’re closing out #APIHM with the ultimate #TikTokLIVE celebration 🙌 Join @inmyseams @8illy @yunamusic @jayparkisoverparty this Thursday #WeAreAPI,1621892528,19,https://www.tiktok.com/@tiktok/video/6965975351193308422?lang=en,55600,2087,7672,1200000
tiktok,107955,6964054566606359814,Kick back with @blakeshelton this Friday during our #TikTokLIVE series #Headstream at 4 PM PT!,1621445310,15,https://www.tiktok.com/@tiktok/video/6964054566606359814?lang=en,75500,1761,14200,1800000
tiktok,107955,6958952217084808453,Start your weekend with @alyandaj. They'll be joining our #TikTokLIVE series #Headstream this Friday at 4 PM PT!,1620257327,15,https://www.tiktok.com/@tiktok/video/6958952217084808453?lang=en,87700,2207,28200,2100000
tiktok,107955,6957020008216087813,"May is #APIHM, let’s all celebrate and recognize the achievements and history of the API community on TikTok. Know us #WeAreAPI",1619807449,60,https://www.tiktok.com/@tiktok/video/6957020008216087813?lang=en,726700,10800,34800,11100000
tiktok,107955,6951744552424180997,emo isn't a phase it's a 🤘LIFESTYLE🤘 #ItWasntAPhase @alltimelow,1618579163,20,https://www.tiktok.com/@tiktok/video/6951744552424180997?lang=en,621600,11600,49300,9800000
tiktok,107955,6948902431724014853,Get ready 👏 @liltjay joins episode 2 of our new #TikTokLIVE series #Headstream Friday at 4 PM PT. See you there!,1617917429,15,https://www.tiktok.com/@tiktok/video/6948902431724014853?lang=en,112400,1446,19800,2500000
tiktok,107955,6946653789684239622,Get in the mind of @ddlovato and watch the new #TikTokLIVE series #Headstream Fridays at 4 PM PT/7PM ET.,1617393880,15,https://www.tiktok.com/@tiktok/video/6946653789684239622?lang=en,100900,1374,16400,2700000
tiktok,107955,6943708918040366341,"Challenge the Game discussed mental health, equality and love for the game! Celebrate all women in sports using #HerStory",1616708220,59,https://www.tiktok.com/@tiktok/video/6943708918040366341?lang=en,102000,1553,20600,2400000
tiktok,107955,6940334002360372485,Celebrate the end of #TikTokFashionMonth with an immersive virtual TikTok Runway Labyrinth! Thursday 3/18 at 7PM PT,1615922436,15,https://www.tiktok.com/@tiktok/video/6940334002360372485?lang=en,103500,1990,23900,2000000
tiktok,107955,6939997993525333254,"You are realness, weirdness, chaos and hope. And we’re celebrating it all 👏  #KeepOnKeepingOn",1615844203,30,https://www.tiktok.com/@tiktok/video/6939997993525333254?lang=en,139100,1694,8453,3700000
tiktok,107955,6935521116114914566,You can now ask and answer any questions on LIVE with the new Q&A feature. Check it out now!,1614801856,40,https://www.tiktok.com/@tiktok/video/6935521116114914566?lang=en,126600,3407,27800,2300000
tiktok,107955,6935520747200711942,The new Q&A feature is now here to help you ask or answer any questions. Try it out now!,1614801769,59,https://www.tiktok.com/@tiktok/video/6935520747200711942?lang=en,144400,2174,9957,5500000
tiktok,107955,6934524605944089862,get ready for unstoppable voices of woman-identifying people everywhere. #WomensHistoryMonth is now and we're here for it 💪 #WhenWomenWin,1614569848,41,https://www.tiktok.com/@tiktok/video/6934524605944089862?lang=en,103800,1485,11500,1500000
tiktok,107955,6933338547441257733,@brittany_broski and @jasonrodelo discuss loving what you create on #ForYouPodcast. Listen and subscribe for new episodes each week!,1614293691,23,https://www.tiktok.com/@tiktok/video/6933338547441257733?lang=en,116800,1141,5160,5100000
tiktok,107955,6932896546379861253,"Don’t miss performances by @snoopdogg @tyga and @officialsaweetie during our #MakeBlackHistory Celebration, Friday at 5 PM PT",1614190777,22,https://www.tiktok.com/@tiktok/video/6932896546379861253?lang=en,945300,9136,24100,121900000
tiktok,107955,6932895692880989445,Make sure to watch @snoopdogg @tyga and @officialsaweetie  perform at TikTok’s #MakeBlackHistory Celebration. It’s all happening Friday at 5 PM PT,1614190577,20,https://www.tiktok.com/@tiktok/video/6932895692880989445?lang=en,115100,1344,5125,1800000
tiktok,107955,6932894764454972677,West Coast music just hits different. Tune in Friday at 5 PM PT for TikTok’s #MakeBlackHistory Celebration w/ @snoopdogg @tyga and @officialsaweetie,1614190362,18,https://www.tiktok.com/@tiktok/video/6932894764454972677?lang=en,98000,1227,5948,3400000
tiktok,107955,6930410036275449094,"Black creators winning, building, and thriving! 🙌🏿 #MakeBlackHistoryBig thanks to @kkaayyttrraa for letting us premiere his new song ""Caution”",1613611843,15,https://www.tiktok.com/@tiktok/video/6930410036275449094?lang=en,112700,1369,16700,2000000
tiktok,107955,6927737560428973318,Spend your Valentine's Day with @justinbieber as he performs #JournalsLive for the first time ever 💞 Join us Sunday at 6 PM PT,1612989604,15,https://www.tiktok.com/@tiktok/video/6927737560428973318?lang=en,286900,4163,0,8300000
tiktok,107955,6927009225470119173,Celebrating those who do it for the culture 🙌🏿  #BlackHistoryMonth #MakeBlackHistory,1612820027,30,https://www.tiktok.com/@tiktok/video/6927009225470119173?lang=en,96700,1031,21200,1200000
tiktok,107955,6925916849196616966,Episode 2 of the #foryoupodcast is LIVE 🎧 @brittany_broski and @bomanizer discuss the importance of support from friends & fam,1612565689,21,https://www.tiktok.com/@tiktok/video/6925916849196616966?lang=en,77600,871,11700,1900000
tiktok,107955,6925541392936717574,Join us LIVE for the TikTok Tailgate with Miley Cyrus and special guests on 2/7 2:30PM ET #SuperBowlLV #tiktoktailgate,1612478274,12,https://www.tiktok.com/@tiktok/video/6925541392936717574?lang=en,115800,1241,8174,3200000
tiktok,107955,6924349399078276358,"We’re kicking off Black History Month with #MakeBlackHistory. Black culture is the culture, and culture starts on TikTok ✨🙌🏾 #BHM",1612200738,15,https://www.tiktok.com/@tiktok/video/6924349399078276358?lang=en,158800,1240,16600,2400000
tiktok,107955,6923290320545271046,@livbedumb is out here giving us all soundtracks for life 🎶 #ItStartsOnTikTok,1611954151,29,https://www.tiktok.com/@tiktok/video/6923290320545271046?lang=en,230300,1423,11900,2500000
tiktok,107955,6922146789181132037,Introducing the FIRST ever podcast from TikTok with host @brittany_broski and special guests ✨🎙 ✨ #ForYouPodcast,1611687907,15,https://www.tiktok.com/@tiktok/video/6922146789181132037?lang=en,152000,1895,15600,2400000
tiktok,107955,6912598122988326149,Thank you for celebrating NYE with us! We had a blast saying #bye2020 and #welcome2021 👋,1609464681,59,https://www.tiktok.com/@tiktok/video/6912598122988326149?lang=en,268800,3819,47400,4200000
tiktok,107955,6911370401054526725,@lilyachty and @brittany_broski  are hosting our 2020 countdown! Tune in December 31st starting at 9:30pm ET,1609178834,26,https://www.tiktok.com/@tiktok/video/6911370401054526725?lang=en,1600000,11300,44300,118000000
tiktok,107955,6909171131882802434,"No matter how you celebrate, we hope it's filled with joy. #ItStartsOnTikTok #HolidaysOurWay",1608666916,15,https://www.tiktok.com/@tiktok/video/6909171131882802434?lang=en,459300,1796,15900,7700000
tiktok,107955,6907709736355908869,"Check out your #YearOnTikTok to see what videos you loved, shared, and discovered!",1608326522,20,https://www.tiktok.com/@tiktok/video/6907709736355908869?lang=en,529600,9285,18500,32500000
tiktok,107955,6906565862132698370,Creators like @AlanChikinChow are giving back during #GivingSzn Here’s how you can donate too!,1608060262,44,https://www.tiktok.com/@tiktok/video/6906565862132698370?lang=en,522500,3674,20800,129100000
tiktok,107955,6889096755028233478,"LA friends, get your hands on all the TikTok food trends! Only on @postmates. Not in LA? Get Free Delivery using code 'TIKTOK' #TikTokTreats",1603992884,15,https://www.tiktok.com/@tiktok/video/6889096755028233478?lang=en,344300,6166,70800,4600000
tiktok,107955,6881450806688664838,Good vibes only 🤙 @420doggface208 @mickfleetwood @tomhayes603,1602212662,15,https://www.tiktok.com/@tiktok/video/6881450806688664838?lang=en,1700000,17700,38800,49800000
tiktok,107955,6880971899023674629,"Celebrate the end of #TikTokFashionMonth with TikTok Runway Odyssey ft. @aliceandolivia & @puma, Thursday 10/8 at 7PM PT",1602101153,15,https://www.tiktok.com/@tiktok/video/6880971899023674629?lang=en,585000,6649,19200,111500000
tiktok,107955,6878464336357084422,🚨New feature alert!🚨more #Duet  layouts are now available. Try them out now!,1601517318,44,https://www.tiktok.com/@tiktok/video/6878464336357084422?lang=en,492700,10700,20900,7100000
tiktok,107955,6874340584895581445,#WeAreTikTok and we are here to stay!,1600557155,54,https://www.tiktok.com/@tiktok/video/6874340584895581445?lang=en,3000000,246400,235400,25500000
tiktok,107955,6871293709275630854,Check out our new tutorial on going LIVE!,1599847750,48,https://www.tiktok.com/@tiktok/video/6871293709275630854?lang=en,330300,5348,30500,3800000
tiktok,107955,6867963867230653702,Now Introducing: STITCH! Make the ultimate collab with your fav creators 🎬,1599072465,43,https://www.tiktok.com/@tiktok/video/6867963867230653702?lang=en,502100,12900,35600,7100000
tiktok,107955,6863578715582975238,You can now add text to your cover images. Try it out now!,1598051458,32,https://www.tiktok.com/@tiktok/video/6863578715582975238?lang=en,265400,6122,22100,3300000
tiktok,107955,6856014780440874245,A message to the TikTok community.,1596290340,59,https://www.tiktok.com/@tiktok/video/6856014780440874245?lang=en,6100000,455700,325500,56900000
tiktok,107955,6854288548724624646,"Check out this exclusive experience featuring @theweeknd on August 7th, 8:30pm ET/ 5:30pm PT #theweekndexp",1595888417,14,https://www.tiktok.com/@tiktok/video/6854288548724624646?lang=en,1900000,33700,31300,106800000
tiktok,107955,6843935745657376006,is that a bird? a plane? no! it's the new #greenscreensky creative effect!,1593477967,16,https://www.tiktok.com/@tiktok/video/6843935745657376006?lang=en,981500,9023,41400,9800000
tiktok,107955,6841222912318475526,Happy Pride Month! Introducing our lovely 25 TikTok Trailblazers to celebrate #mypride,1592846336,55,https://www.tiktok.com/@tiktok/video/6841222912318475526?lang=en,508800,7497,18600,5700000
tiktok,107955,6839775130407750917,@SuperflyPresents #SupportSmallBiz to support at-risk small businesses. All donations go to Accion Opportunity Fund!,1592509248,15,https://www.tiktok.com/@tiktok/video/6839775130407750917?lang=en,220300,5966,11100,4200000
tiktok,107955,6833468102982798598,"To our community, a message from our CEO...",1591040777,15,https://www.tiktok.com/@tiktok/video/6833468102982798598?lang=en,443600,12200,26100,5100000
tiktok,107955,6832788164231384325,To our community...,1590882467,15,https://www.tiktok.com/@tiktok/video/6832788164231384325?lang=en,1100000,13600,40900,10900000
tiktok,107955,6824578676303154438,Want to reply to a comment with a video? Now you can! Available now for all users!,1588971047,30,https://www.tiktok.com/@tiktok/video/6824578676303154438?lang=en,4900000,81400,470300,49200000
tiktok,107955,6821319305112685829,Donation Stickers are available now! Update the app to support your community #DoubleYourImpact #OneCommunity,1588212173,44,https://www.tiktok.com/@tiktok/video/6821319305112685829?lang=en,537200,5867,18800,12000000
tiktok,107955,6818009093052189958,"NEW FEATURE: Move, reorganize, and Adjust Clips on the fly. Here’s to making video editing a breeze 🎬",1587441449,48,https://www.tiktok.com/@tiktok/video/6818009093052189958?lang=en,551000,5099,17100,7300000
tiktok,107955,6815736096752798981,"Tune into @livexlive Music Lives, a 48hr live stream on Fri 4/17 at 4pm PST US time benefiting MusiCares #musiclives",1586912225,15,https://www.tiktok.com/@tiktok/video/6815736096752798981?lang=en,415100,4279,10900,17900000
tiktok,107955,6815294028502863109,"Voice Over for videos? We’ve got that. Try our new #voiceover feature, available now. 🗣",1586809297,31,https://www.tiktok.com/@tiktok/video/6815294028502863109?lang=en,617500,6819,9802,10300000
tiktok,107955,6807491984882765062,We’re kicking off the #happyathome live stream series today at 5pm PT!,1584992742,16,https://www.tiktok.com/@tiktok/video/6807491984882765062?lang=en,323500,2610,15100,4000000
tiktok,107955,6801895105885195526,Happy International Women’s Day! #shecandoit,1583689617,48,https://www.tiktok.com/@tiktok/video/6801895105885195526?lang=en,972000,6064,17300,10800000
tiktok,107955,6800111723257941253,@madisonbeer shows us her #ultrainstinct,1583274394,8,https://www.tiktok.com/@tiktok/video/6800111723257941253?lang=en,1100000,5109,9932,12200000
tiktok,107955,6797058009144118534,Now Introducing: STICKER PINNING! Pin stickers to your videos and make magic happen.,1582563393,33,https://www.tiktok.com/@tiktok/video/6797058009144118534?lang=en,780200,6986,13900,8600000
tiktok,107955,6774050947892022534,🎉 a holiday message from @dillonfrancis and @yunggravy 🎉,1577206644,29,https://www.tiktok.com/@tiktok/video/6774050947892022534?lang=en,434900,6826,161100,5800000
tiktok,107955,6773539330200702214,❄️ this holiday we’re celebrating togetherness around the world. Join us and share your holiday traditions using #tiktoktraditions ❄️,1577087527,59,https://www.tiktok.com/@tiktok/video/6773539330200702214?lang=en,269200,5061,32400,4300000
tiktok,107955,6768527731337612549,Try out the new #greenscreenvideo  Update the app to use the new Creative Effect!,1575920671,28,https://www.tiktok.com/@tiktok/video/6768527731337612549?lang=en,428100,4864,22900,5600000
tiktok,107955,6767494651273399558,"Took a DNA test, turns out #YouMade2019",1575680139,30,https://www.tiktok.com/@tiktok/video/6767494651273399558?lang=en,327600,3258,13300,3300000
tiktok,107955,6761207966520724742,New voice changing effects are now available on TikTok! #voiceeffects,1574216407,18,https://www.tiktok.com/@tiktok/video/6761207966520724742?lang=en,598800,5671,13700,6500000
tiktok,107955,6758532441478024453,"@ashnikko talks sleep paralysis, video games, and alien abductions #duetordontduet",1573593462,59,https://www.tiktok.com/@tiktok/video/6758532441478024453?lang=en,315500,2507,7007,3200000
tiktok,107955,6756642333032221958,"@mxmtoon came to the office and talked e-boys, eggs, and lil extra... #behindthescreen",1573153386,40,https://www.tiktok.com/@tiktok/video/6756642333032221958?lang=en,219400,1489,4700,2400000
tiktok,107955,6752213777686613254,We’re not all spooky and scary #skeletonmoves #thisishalloween,1572122285,9,https://www.tiktok.com/@tiktok/video/6752213777686613254?lang=en,331200,4605,6088,4200000
tiktok,107955,6751062893845925126,Help keep TikTok positive! Head over to @tiktoktips for more safety features!,1571854325,20,https://www.tiktok.com/@tiktok/video/6751062893845925126?lang=en,288300,5483,5109,3200000
tiktok,107955,6749305528796597510,MFW... #ThatsSoTikTok,1571445154,11,https://www.tiktok.com/@tiktok/video/6749305528796597510?lang=en,1800000,31500,7809,18100000
tiktok,107955,6748519804434500869,let us grab our death note 💀📝ft.@savagegasp,1571262214,55,https://www.tiktok.com/@tiktok/video/6748519804434500869?lang=en,142700,1160,2254,1900000
tiktok,107955,6745889577564687621,@brittany_broski is absolute chaos while eating our TikTok office snacks!,1570649815,59,https://www.tiktok.com/@tiktok/video/6745889577564687621?lang=en,184400,1369,2891,2000000
tiktok,107955,6744000671319641350,💪WE STAN STRONG WOMEN. Make a TikTok and tell us what empowers you! #marchforsisterhood  @girlswhocode,1570210020,32,https://www.tiktok.com/@tiktok/video/6744000671319641350?lang=en,186000,1330,3102,1900000
tiktok,107955,6743715745529629957,@jacibutler and @jameshenry play part 2 of #finishthetiktok,1570143682,58,https://www.tiktok.com/@tiktok/video/6743715745529629957?lang=en,146300,908,1779,1700000
tiktok,107955,6743656241874226438,@jacibutler and @jameshenry came into the office to play #finishthetiktok,1570129827,59,https://www.tiktok.com/@tiktok/video/6743656241874226438?lang=en,174700,884,1820,1600000
tiktok,107955,6738138188407196934,"on september 21st, I can finally carpool with my #alienbff",1568845056,14,https://www.tiktok.com/@tiktok/video/6738138188407196934?lang=en,250000,2860,3407,2400000
tiktok,107955,6734824688180137221,We want a #TikTokBurrito from @chipotle! Peep our winner on Twitter tomorrow!,1568073572,25,https://www.tiktok.com/@tiktok/video/6734824688180137221?lang=en,149500,1832,3100,1800000
