,Author Unique ID,Author Nickname,Avatar Thumbnail,Signature,Verified?,Private Account?
0,coco224466,CoCo224466,https://p16-sign-va.tiktokcdn.com/tos-maliva-avt-0068/1d6c0e509ad89acd3625f7c0f1cc9d75~c5_100x100.jpeg?x-expires=1629694800&x-signature=5TYF%2FpTCCaEONXscnMVHsOf8GQY%3D,Follow me💕if you like dogs🐶,False,False
1,bts_official_bighit,BTS,https://p16-sign-sg.tiktokcdn.com/aweme/100x100/tos-alisg-avt-0068/30ac5c3a981036bd063985eb158db5d9.jpeg?x-expires=1629694800&x-signature=zaXAZCXUQQjGiFwHhqHhY1bH8Xs%3D,"This is Official TikTok for BTS.
방탄소년단 공식 틱톡입니다.",True,False
2,mimisskate,Kate Shumskaya,https://p16-sign-sg.tiktokcdn.com/aweme/100x100/tos-alisg-avt-0068/fe2cc57ee03cf856f245b619ac855c25.jpeg?x-expires=1629694800&x-signature=7A4jUFJlQpNhbCdbsCtsn5WpN9A%3D,"📟Your Kate📟 
Top 0,07%of creators,you know what it means",False,False
3,idaamayy,Idaa May Moore,https://p16-sign-va.tiktokcdn.com/tos-maliva-avt-0068/e4608b4bcc7e0695735dc91d285e5c00~c5_100x100.jpeg?x-expires=1629694800&x-signature=vaXo0H%2BCke0k2Kg5OGBrHpM8sqA%3D,New song out “ Toxic”  llink in bio on youTube now  new IG @official_idamay,False,False
4,d_elii,Elide D.,https://p16-sign-va.tiktokcdn.com/tos-maliva-avt-0068/a287191ca73bed216a58a5605764f63b~c5_100x100.jpeg?x-expires=1629694800&x-signature=YC7IpNrMJsnSyPvW2JmyoO8yjto%3D,,False,False
5,el.tigre.g,EF/GOMEZ15,https://p16-sign-va.tiktokcdn.com/tos-maliva-avt-0068/4cc294499343320c22f4f4c42f51bea7~c5_100x100.jpeg?x-expires=1629694800&x-signature=NMcbB6y8NV8U6r5cTcYhol%2FWU%2BY%3D,LEO-🦁 HIDALGO🇲🇽MEXICO,False,False
6,cutepetowner,cutepetowner,https://p16-sign-va.tiktokcdn.com/tos-maliva-avt-0068/a0aa89643c6a836c137039152038fb83~c5_100x100.jpeg?x-expires=1629694800&x-signature=V1hxdHfbOD5pwBKg49NhwQEEYgo%3D,"Do you like them 
Follow me",False,False
7,tracy.oj,Tracy Joseph,https://p16-sign-va.tiktokcdn.com/tos-maliva-avt-0068/98035b61c2f71c7b6571271ebbb1e0a2~c5_100x100.jpeg?x-expires=1629694800&x-signature=SHvBjd2y1Rmv9XYlHyG9WXrlBJw%3D,"🇳🇬
TX
 ✉️:Tracyjoseph270@gmail.com 
Insta: @tracy_yhoo",False,False
8,mercuri_88,Manuel Mercuri,https://p16-sign-va.tiktokcdn.com/tos-maliva-avt-0068/5c13cc8015324752afb6432e64e3b7a3~c5_100x100.jpeg?x-expires=1629694800&x-signature=tDr60HB0av6ui2Kd8rDYF873Ouk%3D,"🇮🇹Italian
Thanks for 14 M ❤️
Instagram : mercuri88 
⬇️Click for more⬇️",False,False
9,spicekingcam,Spice King,https://p16-sign-va.tiktokcdn.com/musically-maliva-obj/f664ffbe44910fd02643476637255d3b~c5_100x100.jpeg?x-expires=1629694800&x-signature=AlO%2BsI%2F2FkhOrXwezbLKXTYB8Q0%3D,"✨Thank you for 15M✨
Officialspiceking@gmail.com
📫💬⤵️",True,False
10,hammyandolivia,Hammy & Olivia Corgi,https://p16-sign-va.tiktokcdn.com/musically-maliva-obj/41e0264525d8dd115b3cc2dfc87c1e96~c5_100x100.jpeg?x-expires=1629694800&x-signature=mTBaGw2iY3uyAlMZqsW96Kh0j8I%3D,"Follow Us ☝️
“Talking” Corgis
📧 hammyandolivia@whalartalent.com
👇 OMG! Look!👇",True,False
11,roses_are_rosie,ROSÉ,https://p16-sign-sg.tiktokcdn.com/aweme/100x100/tiktok-obj/1694184639016962.jpeg?x-expires=1629694800&x-signature=m8ZUQKq9GeWDMr0JBzDDDfgSBdM%3D,ON THE GROUND✨,True,False
12,www9781,www9781,https://p16-sign-va.tiktokcdn.com/tos-maliva-avt-0068/8d787323271966041d4fcbb630d70cb9~c5_100x100.jpeg?x-expires=1629694800&x-signature=2gKpLFOzLBBIXLFWU2TwNsDw9IY%3D,,False,False
13,rubyflashy9,Ruby,https://p16-sign-va.tiktokcdn.com/tos-maliva-avt-0068/e7b5d9011f48e97ec83081c0eccc32a9~c5_100x100.jpeg?x-expires=1629694800&x-signature=hARt3B2bAQdxq1f1n5TKwrNbHpQ%3D,"Snapchat: Rubyflashy
Twitter:iamrubyflashy 
Instagram &FB:rubyflashyofficial1",False,False
14,babychrismom,Texas Girl,https://p16-sign-va.tiktokcdn.com/musically-maliva-obj/9648d51f7a092f88a5c5d6f176755b20~c5_100x100.jpeg?x-expires=1629694800&x-signature=mfpJYmdw7fC%2FYULEE%2Bli%2FKsp3%2FE%3D,"Toddler mom👶🏼
cooking🥞life hacks💡
Pregnancy life🤰🏼
Austin, TX
110k 🙏",False,False
15,bhtyler98,user4739460964044,https://p16-sign-va.tiktokcdn.com/tos-maliva-avt-0068/ab27a7fca3dcf7002bdeaa1ea2938e70~c5_100x100.jpeg?x-expires=1629694800&x-signature=MH4zauPeHxd%2FzruV8fzn6GD%2Bhw4%3D,,False,False
16,_shaylah__,Shaylah,https://p16-sign-va.tiktokcdn.com/tos-maliva-avt-0068/695c551d0f76a328b60967c80164efe3~c5_100x100.jpeg?x-expires=1629694800&x-signature=ehDMKFd5dVHAa394xno8hPwBCow%3D,"the official shaylah 📸💙
multi talented 🤯
300k ? 🥳",False,False
17,christyjjordan22,Christy,https://p16-sign-va.tiktokcdn.com/musically-maliva-obj/287874cd796227f865792b78c7e1b5bd~c5_100x100.jpeg?x-expires=1629694800&x-signature=DI26HKwHQTGzk8C2d4BnCJ9tRi4%3D,🐶🐶 🐭,False,False
18,ninahurd,Nina Hurd,https://p16-sign-va.tiktokcdn.com/tos-maliva-avt-0068/b9e352f83a48c047cabae9cb131de5a1~c5_100x100.jpeg?x-expires=1629694800&x-signature=465iSObxqPyRlYNPaKUt8rj93Qs%3D,"not sure how you got here 
🌸wife • mom • nurse 🌸",False,False
19,mimisskate,Kate Shumskaya,https://p16-sign-sg.tiktokcdn.com/aweme/100x100/tos-alisg-avt-0068/fe2cc57ee03cf856f245b619ac855c25.jpeg?x-expires=1629694800&x-signature=7A4jUFJlQpNhbCdbsCtsn5WpN9A%3D,"📟Your Kate📟 
Top 0,07%of creators,you know what it means",False,False
20,spectrumfarm,SpectrumFarmLlama,https://p16-sign-va.tiktokcdn.com/tos-maliva-avt-0068/f805f44a9658533f4a92736679f96097~c5_100x100.jpeg?x-expires=1629694800&x-signature=47KuTd9KjKGOHbFNYWi9nfYkG28%3D,Llama farmer & chicken tender. Indiana.,False,False
21,tiktoklynnsmith,Tik Toker,https://p16-sign-va.tiktokcdn.com/tos-maliva-avt-0068/277e2133f7b96030632ec0ef56c55cd3~c5_100x100.jpeg?x-expires=1629694800&x-signature=exmUfPEKKgjEpwJ8GYxjDb2LGxA%3D,"Feed Donations Venmo Lynn-Smith-391
Instagram lynnsmithdeerwhisperer",False,False
22,mimisskate,Kate Shumskaya,https://p16-sign-sg.tiktokcdn.com/aweme/100x100/tos-alisg-avt-0068/fe2cc57ee03cf856f245b619ac855c25.jpeg?x-expires=1629694800&x-signature=7A4jUFJlQpNhbCdbsCtsn5WpN9A%3D,"📟Your Kate📟 
Top 0,07%of creators,you know what it means",False,False
23,gemaadelgado,Gema Delgado,https://p16-sign-va.tiktokcdn.com/tos-maliva-avt-0068/7f9bbe2a640731347248d3be60319895~c5_100x100.jpeg?x-expires=1629694800&x-signature=ouzPa2w6Ak%2FpUNci5KdoRbwVXcI%3D,"22 | Miami 
IG- gemaadelgado
📧 gemdelgado20@gmail.com",False,False
24,twenty7heights,Twenty7heights,https://p16-sign-va.tiktokcdn.com/tos-maliva-avt-0068/8590af5e45b902044ddf3aa9b6f37f30~c5_100x100.jpeg?x-expires=1629694800&x-signature=Qi11MWkU6sdXt0HVCMvH6MCf9S8%3D,"🦋 Miami, FL
🦋 insta: twenty7heights",False,False
25,mimisskate,Kate Shumskaya,https://p16-sign-sg.tiktokcdn.com/aweme/100x100/tos-alisg-avt-0068/fe2cc57ee03cf856f245b619ac855c25.jpeg?x-expires=1629694800&x-signature=7A4jUFJlQpNhbCdbsCtsn5WpN9A%3D,"📟Your Kate📟 
Top 0,07%of creators,you know what it means",False,False
26,mimisskate,Kate Shumskaya,https://p16-sign-sg.tiktokcdn.com/aweme/100x100/tos-alisg-avt-0068/fe2cc57ee03cf856f245b619ac855c25.jpeg?x-expires=1629694800&x-signature=7A4jUFJlQpNhbCdbsCtsn5WpN9A%3D,"📟Your Kate📟 
Top 0,07%of creators,you know what it means",False,False
27,leytink,Nika Leytink,https://p16-sign-sg.tiktokcdn.com/aweme/100x100/tos-alisg-avt-0068/2be0d586cdc0c12de1796b5afd6523af.jpeg?x-expires=1629694800&x-signature=bkk0vG%2FYC3MK9y%2BGqYKtFdeiyRk%3D,"18y.o.🤌🏼🤍
🤩My Instagram: Leytink🤩",True,False
28,leytink,Nika Leytink,https://p16-sign-sg.tiktokcdn.com/aweme/100x100/tos-alisg-avt-0068/2be0d586cdc0c12de1796b5afd6523af.jpeg?x-expires=1629694800&x-signature=bkk0vG%2FYC3MK9y%2BGqYKtFdeiyRk%3D,"18y.o.🤌🏼🤍
🤩My Instagram: Leytink🤩",True,False
29,faiifaii003,ฝ้ายใช้เท้าแต่งหน้า,https://p16-sign-sg.tiktokcdn.com/aweme/100x100/tos-alisg-avt-0068/19c1bc9af457fd9c10b80786af72887d.jpeg?x-expires=1629694800&x-signature=KpMoqBPZOe4W95%2F%2FmLDviQ252W4%3D,"FB: Buntida chinnawong
IG: Buntidaa มาติดตามกันน้า ติดต่องานรีวิวจิ้มด้านล่าง",False,False
30,mikkipiki,Злой Пёс,https://p16-sign-sg.tiktokcdn.com/aweme/100x100/tos-alisg-avt-0068/2d21fc72e44700114f3d50743f44767f.jpeg?x-expires=1629694800&x-signature=CXmn73yptGEUroaYFAHRWfsiNr8%3D,"⬇️new video on youtube⬇️
⬇️Смотри новый видосик на ютубе⬇️",True,False
31,basii_17,Basi,https://p16-sign-va.tiktokcdn.com/tos-maliva-avt-0068/532c0f4ca57325c19239abb62f492803~c5_100x100.jpeg?x-expires=1629694800&x-signature=e0gHTpuFj%2BrVONaZiWAzhO22L3A%3D,"talent@sosaprojects.com
🇲🇽HTX
THANK YOU FOR 3.8M‼️🙏🏽
Follow Insta & YT👇🏽",False,False
32,attixus,Anthony Atticus,https://p16-sign-va.tiktokcdn.com/musically-maliva-obj/1641811825938437~c5_100x100.jpeg?x-expires=1629694800&x-signature=1o%2F6ZGeD7ezLJK%2BfuL0XJ9lSq60%3D,,False,False
33,moontellthat,MOONTELLTHAT,https://p16-sign-va.tiktokcdn.com/musically-maliva-obj/1665353861919749~c5_100x100.jpeg?x-expires=1629694800&x-signature=6jHe7wXbGfFa3JOllTTvXBfyreM%3D,🌙,False,False
34,migitlivesmatter,Meme hub,https://p16-sign-va.tiktokcdn.com/tos-maliva-avt-0068/aa1581b96d1346e2a38a4cd097775441~c5_100x100.jpeg?x-expires=1629694800&x-signature=ryl8HBbOBIQLnJDju0O7QT4ai2g%3D,Try to hit 20k followers by 25/8/21,False,False
35,picklesthecockatoo,picklesthecockatoo,https://p16-sign-va.tiktokcdn.com/musically-maliva-obj/1659081592982533~c5_100x100.jpeg?x-expires=1629694800&x-signature=4MgjQJXEF4DoqpXLPer%2BlqOr4bs%3D,I’m a cockatoo 7🐥 Check out our fidget ring known to help with anxiety adhd!,False,False
36,theglobalanimalsworld,TheGlobalAnimalsWorld,https://p16-sign-va.tiktokcdn.com/tos-maliva-avt-0068/b49c1bbe2214536a2652f9377ec70ff9~c5_100x100.jpeg?x-expires=1629694800&x-signature=oYggYFt4CUvFwMo4I5Uvn4re31Q%3D,"Full Video
👇🏻👇🏻👇🏻",False,False
37,_gordonwatkins,Gordon Watkins,https://p16-sign-va.tiktokcdn.com/tos-maliva-avt-0068/03165bf7ef55c9d6e2f31b3cb3a7ff86~c5_100x100.jpeg?x-expires=1629694800&x-signature=6qhXCRQDVaEY4uHoP7dOoT1QVkY%3D,"Follow me on ig too!
@_gordonwatkins

 Email:Mgmt@7mfilms.com",False,False
38,dancingnathan,Tina,https://p16-sign-va.tiktokcdn.com/musically-maliva-obj/906142215dfbbedd6a0aa51ab61c89bb~c5_100x100.jpeg?x-expires=1629694800&x-signature=fGZv%2BGG3ZW8W5iPVCXf9IRjB2iU%3D,"#DancingNathan & friends. 
Rescued in 2013! He ❤️s Life!
YouTube: DancingNathan",False,False
39,_dari_dobro_bro_,_dari_dobro_bro_,https://p16-sign-sg.tiktokcdn.com/aweme/100x100/tos-alisg-avt-0068/62d78262f8016c0bdee63baec9c4db8f.jpeg?x-expires=1629694800&x-signature=XqIUc%2FumzfsRDGS9RDrYnMtkFzo%3D,,False,False
40,dixieloutheboston,DixieLouTheBoston&Family,https://p16-sign-va.tiktokcdn.com/tos-maliva-avt-0068/81267b0a8573c3239545ff656e7085fd~c5_100x100.jpeg?x-expires=1629694800&x-signature=ndWRJml571DcfbPVAtSzh%2FzMrCE%3D,My names Dixie Lou. I was born 10/13/17. I have autoimmune disease & seizures.,False,False
41,gmoney1289,Greg Pietrantonio,https://p16-sign-va.tiktokcdn.com/musically-maliva-obj/92601d7944ca6d2d912df0038dc6202c~c5_100x100.jpeg?x-expires=1629694800&x-signature=%2BAjZ9MDllIQ9oDlFL2NF4KBDhnY%3D,"YT: gmoney1289
gmoney121289@gmail.com",False,False
42,latiktokeuse869,Latiktokeuse87,https://p77-sign-sg.tiktokcdn.com/aweme/100x100/tos-alisg-avt-0068/145540cbe48cfa720277a09190a15854.jpeg?x-expires=1629694800&x-signature=v8%2FmoRM4EMn0g%2F%2BstYKqIgXH4LI%3D,#humour hésiter pas aller sur mon Instagram #comedie 😜🤪 chaîne YouTube aussi #,False,False
43,littel_johnny,Littel Johnny,https://p16-sign-va.tiktokcdn.com/tos-maliva-avt-0068/6176b07e6a8b5cff61081edee81a125f~c5_100x100.jpeg?x-expires=1629694800&x-signature=tRrK1l5VrrTdERtuaHBio8pP6NE%3D,"This account is run by @Jeremy_Littel. 
Biz inquiries jeremy@litteljohnny.com",False,False
44,thepetcollective,The Pet Collective,https://p16-sign-va.tiktokcdn.com/tos-maliva-avt-0068/a4ce1de5227c54867d4312b11b6c2208~c5_100x100.jpeg?x-expires=1629694800&x-signature=Gg052AvcD7lZW1K0XesAn7OzkA8%3D,"The best pet videos on Tiktok. 🐶
Meet Hamster Bros Romeo & Julian!👇",True,False
45,mariabravo2991,mariabravo2991,https://p16-sign-va.tiktokcdn.com/musically-maliva-obj/6974760756227080198~c5_100x100.jpeg?x-expires=1629694800&x-signature=sg8X617ThBxeQV03BjM5dgrario%3D,,False,False
46,reese076,Reese Camlin,https://p16-sign-va.tiktokcdn.com/tos-maliva-avt-0068/cd1c0673b677d551477c42bae361fbb7~c5_100x100.jpeg?x-expires=1629694800&x-signature=J9URaFsGqaB2k0FE51oMj1%2BxsdU%3D,,False,False
47,briro.xo,briro.xo,https://p16-sign-va.tiktokcdn.com/tos-maliva-avt-0068/0a1043cc6e46e4de1d84de56e533ebe8~c5_100x100.jpeg?x-expires=1629694800&x-signature=RmohAYQrNe%2FnVTkLG1SHHnoVJv4%3D,NJ,False,False
48,muusacat,Muusacat,https://p16-sign-va.tiktokcdn.com/tos-maliva-avt-0068/096f3bc77318adf7a4efe4ebc7fad086~c5_100x100.jpeg?x-expires=1629694800&x-signature=1BjmLYSPQZBhi%2F8c5Z8LpmvK42M%3D,Los gatitos más lindos del mundo 🥰,False,False
49,cozy_boy_21,Cozy_boy_21,https://p16-sign-va.tiktokcdn.com/tos-maliva-avt-0068/3a1cf548e3c05abb1aca497efc63b205~c5_100x100.jpeg?x-expires=1629694800&x-signature=7Su4UQ9UG6Bzux%2B%2FAXX1SC4VAXI%3D,Lets get 121k,False,False
50,user4350486101671,user4350486101671,https://p16-sign-va.tiktokcdn.com/musically-maliva-obj/1594805258216454~c5_100x100.jpeg?x-expires=1629694800&x-signature=Gv4V1JMc4S0HrDlaxbyQN4er1D0%3D,,False,False
51,latiktokeuse869,Latiktokeuse87,https://p77-sign-sg.tiktokcdn.com/aweme/100x100/tos-alisg-avt-0068/145540cbe48cfa720277a09190a15854.jpeg?x-expires=1629694800&x-signature=v8%2FmoRM4EMn0g%2F%2BstYKqIgXH4LI%3D,#humour hésiter pas aller sur mon Instagram #comedie 😜🤪 chaîne YouTube aussi #,False,False
52,addisonre,Addison Rae,https://p16-sign-va.tiktokcdn.com/tos-maliva-avt-0068/416b77ba33a8f9e03b21f0902b40a9d1~c5_100x100.jpeg?x-expires=1629694800&x-signature=UFYNEJbK4wL4YpqDacgSWU36eMQ%3D,OBSESSED out on all platforms.,True,False
53,justinderek4,Justin Derek,https://p16-sign-va.tiktokcdn.com/tos-maliva-avt-0068/d13dd09f5b875d524dea12a235810118~c5_100x100.jpeg?x-expires=1629694800&x-signature=rYFrbUapmu8qq7LP%2FPJkMdzNhPI%3D,,False,False
54,sophialee1997,Sophia Lee,https://p16-sign-va.tiktokcdn.com/tos-maliva-avt-0068/e35607fe063f945b19cb3daa838cbc31~c5_100x100.jpeg?x-expires=1629694800&x-signature=BIHrBkmmYwCay1RZFj1eCOY4swo%3D,"Kiki, Precious & Tito 😻",False,False
55,lyndsey.pace,lyndsey.rae,https://p16-sign-va.tiktokcdn.com/musically-maliva-obj/541bafe4b1c375127eafcb72557f50dd~c5_100x100.jpeg?x-expires=1629694800&x-signature=nrxsQ9EtUtvk8ar1XfbfYc3qjYc%3D,"Wifey and Mama  
🤍 
Insta: @lyndsey.pace",False,False
56,jhem84,JHem84,https://p16-sign-va.tiktokcdn.com/musically-maliva-obj/1663262237365254~c5_100x100.jpeg?x-expires=1629694800&x-signature=VbhS64O5pYefbwTJL4l9sMZIuCE%3D,Me 💯 dad on tiktok,False,False
57,murat__noyan,Murat Noyan,https://p16-sign-sg.tiktokcdn.com/aweme/100x100/tos-alisg-avt-0068/63a9f2c0a5433f54c472eed48a5b2978.jpeg?x-expires=1629694800&x-signature=4ti9XISOkWYD97C%2F6P6YA5%2BAzJE%3D,"instagram :  murat__noyan
muratnoyan ailesi ❤MNFC
MİNİK PRENSES 🐕 ŞARAP",False,False
58,adry.magadan,Baby Yoda BACH,https://p16-sign-va.tiktokcdn.com/tos-maliva-avt-0068/6a95431e0ba61210dfad67b9b52aff4d~c5_100x100.jpeg?x-expires=1629694800&x-signature=omdSys6HXaKdzH7Aaf1uqEmonFA%3D,"Los vas a amar !!!  Son una locura ☺️🥰♥️
Sígueme en Facebook BABY YODA BACH",False,False
59,dianarantamaki,Diana Rantamäki🇵🇭🇫🇮,https://p77-sign-va.tiktokcdn.com/tos-maliva-avt-0068/19eb7c87f140ca44ed5226a5c89ff07f~c5_100x100.jpeg?x-expires=1629694800&x-signature=8yeTeKbENpEm0o3Mj2Ff1Klg49Y%3D,"🇫🇮Finn/Pinay🇵🇭
Daily Dose of Good Vibes 
MERCH Drop! ⬇️🙏🏼❤️",True,False
60,cacha.7.griselda,cachita7gri,https://p77-sign-va.tiktokcdn.com/tos-maliva-avt-0068/996c3dec64d2676413cc4e142a8853dd~c5_100x100.jpeg?x-expires=1629694800&x-signature=4zPaGnyz21x%2B3LsOHNfUyUDrdio%3D,"Soy de Paraná Entre Rios
sigamen @ka.chaa por favor en instagram",False,False
61,itsurboironaldo,Hahahahhahaha,https://p16-sign-va.tiktokcdn.com/tos-maliva-avt-0068/b22ae8af873a2eb5f4b4b854184d547c~c5_100x100.jpeg?x-expires=1629694800&x-signature=fGQpJw3HIvycTTUaRS0zUQlCelQ%3D,This is my YouTube https://www.youtube.com/channel/UCMFkrsvTm-wcmezgX3dvpUw,False,False
62,kallmekris,Kris HC,https://p16-sign-sg.tiktokcdn.com/aweme/100x100/tos-alisg-avt-0068/794728b79f994c1bf4413f6e800c673f.jpeg?x-expires=1629694800&x-signature=7PyRe9irhudJ91OoIJoaf0TrssQ%3D,"Daily Subpar Content
🇨🇦
Kallmekris@wearetrival.com
Socials & Business⬇️",True,False
63,itsbsd,B.😋🙃🤗🤨🙄🤪,https://p16-sign-va.tiktokcdn.com/tos-maliva-avt-0068/6afd26f2d3879a30ad402beccac9e24c~c5_100x100.jpeg?x-expires=1629694800&x-signature=e5eHlt8%2FVOGxJghSBtXYToR79Hc%3D,"""No matter the situation, always wear a smile""
Free games to win money👇🏾",True,False
64,abuod_wishah,Abúöd Wïshâh,https://p16-sign-sg.tiktokcdn.com/aweme/100x100/tos-alisg-avt-0068/64412f61a2070fe192960297b2ee7986.jpeg?x-expires=1629694800&x-signature=0wqMoiH3GDzVZ7RDn97%2FbmO%2FZqk%3D,,False,False
65,iamdp_,Dp,https://p16-sign-va.tiktokcdn.com/tos-maliva-avt-0068/4f39bc5391001cb8db76266b0bb879b7~c5_100x100.jpeg?x-expires=1629694800&x-signature=%2FCG%2B%2FyDUaY0aHa8nijVT2KbaKdc%3D,ᵂᵉˡᶜᵒᵐᵉ ᵀᵒ ᴹʸ ᴾᵃᵍᵉ👋🏽,False,False
66,lady_of_cuteness,Lovely Lady,https://p16-sign-va.tiktokcdn.com/tos-maliva-avt-0068/b5c6a2286fbb8bc15d9156be25880d35~c5_100x100.jpeg?x-expires=1629694800&x-signature=z9vTUdarVOYAlQ1U1WtGDcS%2BAWM%3D,Some fun videos of the animals I live with 💕,False,False
67,mrgriffis,Ryan Griffis,https://p16-sign-va.tiktokcdn.com/musically-maliva-obj/1664097052409861~c5_100x100.jpeg?x-expires=1629694800&x-signature=9jH6j3uozjWoA8B2ik71x2%2FOi1M%3D,"Founder of Born&Raised 🇺🇸
232/365 Days Sober 
P.O Box 453 Pine Knot, KY, 42635",False,False
68,psg,psg,https://p16-sign-va.tiktokcdn.com/tos-maliva-avt-0068/bbf02e8385c51fb2750f5739dc19d55c~c5_100x100.jpeg?x-expires=1629694800&x-signature=0A6hjys1nngcj9kahXqOhbmbzBY%3D,"Paris Saint-Germain’s official account 🔴🔵 
Compte officiel #ICICESTPARIS",True,False
69,kirito_jose1,Kirito_jose1,https://p16-sign-va.tiktokcdn.com/tos-maliva-avt-0068/e5f7b9f5ac2a2a8d64125ed37aec50d5~c5_100x100.jpeg?x-expires=1629694800&x-signature=2XnOwKcERmYm5V%2FFJRaAy8XZn%2Bw%3D,,False,False
70,momma_mandy_plus7,Mandy Perkins,https://p16-sign-va.tiktokcdn.com/musically-maliva-obj/1660651818956806~c5_100x100.jpeg?x-expires=1629694800&x-signature=eVGPN3cEGxyrCeZXKw2S0dvxwMk%3D,,False,False
71,jessicaalba,Yo Mama,https://p16-sign-va.tiktokcdn.com/musically-maliva-obj/1645358267417605~c5_100x100.jpeg?x-expires=1629694800&x-signature=HAzmnfm30FKck0C5Iw8xOv9G6js%3D,I ❤️ my fam -food -discovering new places but there’s no place home,True,False
72,centurymedicalcenter,centurymedicalcenter,https://p16-sign-va.tiktokcdn.com/tos-maliva-avt-0068/128422722e5c1173cb1c41ffc43ba6cb~c5_100x100.jpeg?x-expires=1629694800&x-signature=KqmGxEBmbYTZVovnTa76nyzPXeU%3D,"Atención Médica Integral Para 👵🏼👨🏾‍🦳👵🏻👨🏽‍🦳
📞(305) 642-1040",False,False
73,billieeilish,BILLIE EILISH,https://p16-sign-va.tiktokcdn.com/tos-maliva-avt-0068/672d48539962ac07c4b32013fdc92386~c5_100x100.jpeg?x-expires=1629694800&x-signature=H1%2Bcp7r8coLHWIOkFPK20kitEno%3D,19,True,False
74,_guzi_,Гульзана,https://p16-sign-sg.tiktokcdn.com/aweme/100x100/tos-alisg-avt-0068/7e0eba1f419d300cc37e8bee55d274b7.jpeg?x-expires=1629694800&x-signature=IvkU27oZcM98irCQTQQ8XfUI83M%3D,"🤍 collaboration@biphouse.com 🤍
        Follow my inst: yo.guzi 🥩",True,False
75,hayndkay_mom,Boymom_of2,https://p16-sign-va.tiktokcdn.com/tos-maliva-avt-0068/e33b0af485a7cfd88b51c20594cce23b~c5_100x100.jpeg?x-expires=1629694800&x-signature=v52%2B71wkb0c4mPzNIawLo3N2YSk%3D,"Instagram| @hayndkay_mom ✨
Youtube| hay&kay_mom✨
Cashapp| $KAYnHAYmom✨",False,False
76,sergeirdz,Sergei Ricardez,https://p16-sign-va.tiktokcdn.com/tos-maliva-avt-0068/a22dcbde431a3a757d0efe560b666d09~c5_100x100.jpeg?x-expires=1629694800&x-signature=5UZEI%2B5P9OmMuayuCBXJIPM8ZcE%3D,"👻
🇲🇽🧡",False,False
77,jt23hoopin,Jachai Taylor,https://p16-sign-va.tiktokcdn.com/tos-maliva-avt-0068/e57c0685591f82c0387a029b09c59a02~c5_100x100.jpeg?x-expires=1629694800&x-signature=bUlDGBgTlfuX%2BdOQit0L1hGG7es%3D,"Professional Hooper 🏀 | Content Creator ⚡️
All of my socials @JT23hoopin",False,False
78,mrs.mommabruce,Erica B.,https://p16-sign-va.tiktokcdn.com/tos-maliva-avt-0068/90bbc10b014aa8fc6801284e076816e2~c5_100x100.jpeg?x-expires=1629694800&x-signature=aROo0e8mjQg8kOWhebNT2z6a3L4%3D,Wife 💍 & Mommabear👸🏽,False,False
79,paky__official,🔥Paky🔥,https://p16-sign-va.tiktokcdn.com/musically-maliva-obj/1635586741466117~c5_100x100.jpeg?x-expires=1629694800&x-signature=TJJMcEcPzTgLvd0ScNcX3mWt%2Fig%3D,"#teampaky ➶     🇮🇹 ♥️
✎INSTA=paky__official
paky@teamworld.it",False,False
80,tiktokbrownchick,Shuba,https://p16-sign-va.tiktokcdn.com/tos-maliva-avt-0068/0125c3446638444df06c2e6ce111cbe3~c5_100x100.jpeg?x-expires=1629694800&x-signature=GrlRUeeKMlSPbS3HKq8t67%2BHE8c%3D,"Music: shubamusic@gmail.com
Brand: Shuba@viralnationtalent.com
New song out 👇🏽",True,False
81,psg,psg,https://p16-sign-va.tiktokcdn.com/tos-maliva-avt-0068/bbf02e8385c51fb2750f5739dc19d55c~c5_100x100.jpeg?x-expires=1629694800&x-signature=0A6hjys1nngcj9kahXqOhbmbzBY%3D,"Paris Saint-Germain’s official account 🔴🔵 
Compte officiel #ICICESTPARIS",True,False
82,lauraclery,Laura Clery,https://p16-sign-va.tiktokcdn.com/musically-maliva-obj/1648868980380677~c5_100x100.jpeg?x-expires=1629694800&x-signature=pxDNvsint%2BcH6IoV7hIzoO0rlGA%3D,Idiot,True,False
83,leytink,Nika Leytink,https://p16-sign-sg.tiktokcdn.com/aweme/100x100/tos-alisg-avt-0068/2be0d586cdc0c12de1796b5afd6523af.jpeg?x-expires=1629694800&x-signature=bkk0vG%2FYC3MK9y%2BGqYKtFdeiyRk%3D,"18y.o.🤌🏼🤍
🤩My Instagram: Leytink🤩",True,False
84,memehub700.0,memehub700.0,https://p16-sign-va.tiktokcdn.com/tos-maliva-avt-0068/987a7236b709ef2a333a71dc0db707cf~c5_100x100.jpeg?x-expires=1629694800&x-signature=%2Bexs0mYCy9WP0LHyEIrRZKY33hA%3D,If ur here mine as well follow 😁,False,False
85,kikthenick,kikthenick,https://p16-sign-va.tiktokcdn.com/tos-maliva-avt-0068/1658caaf5905653be48df09d4592808f~c5_100x100.jpeg?x-expires=1629694800&x-signature=%2Bpn%2BCu%2Bzbf1eoWfML1Zg2W4VEA4%3D,football is life ⚽️⚽️⚽️,False,False
86,theliceangels,The Lice Angels,https://p16-sign-va.tiktokcdn.com/tos-maliva-avt-0068/7ed8676cd89ee44013c8ddcffc4a80b9~c5_100x100.jpeg?x-expires=1629694800&x-signature=n0wxs%2BhkkJGenP4V%2FH3iaw6zn7o%3D,"Cash app: $THELICEQUEEN
ORGANIC LICE REMOVAL 

https://youtube.com/channel/UC553",False,False
87,allisonsherer1,Allison Sherer,https://p16-sign-va.tiktokcdn.com/tos-maliva-avt-0068/ea548e5da928c3eb7da8dedaac395aa7~c5_100x100.jpeg?x-expires=1629694800&x-signature=RSzJL%2BbZTTVb%2FZyC32quDsbQFIo%3D,"22 🌻
Tennessee 📍
IG: @_itssallison2
Cash app: $AllieSherer253012 🤭",False,False
88,erikabuenfiloficial,Erika Buenfil,https://p16-sign-va.tiktokcdn.com/tos-maliva-avt-0068/fd30df5f661991b36bf12fa4e9aedf92~c5_100x100.jpeg?x-expires=1629694800&x-signature=RBfzb46sj2KWWEhCGV%2BC%2FGUAHOA%3D,Jugar y jugar,True,False
89,therealmajorjay,J. Bandsxme,https://p16-sign-va.tiktokcdn.com/tos-maliva-avt-0068/a92075cde4207c205082ba2f0437fc21~c5_100x100.jpeg?x-expires=1629694800&x-signature=ry9VPUmk5LoMFymCw8JKfrkj1wE%3D,"🖤Cleveland, Ohio🖤
🌈 𝑃𝑙𝑎𝑦𝑏𝑜𝑦لا🌈
🐶 Chino🐶",False,False
90,thekittyshome,thekittyshome,https://p16-sign-va.tiktokcdn.com/tos-maliva-avt-0068/949c0d61f9eee3e4e85628c5818c021b~c5_100x100.jpeg?x-expires=1629694800&x-signature=eg9P%2B%2Bd4YZR9QGN1qYRikb7xyzo%3D,"Everyone welcome here
If you like these kittys
😊🥰Follow me 🥰😊",False,False
91,beastlybadwolf,⚜️ W O L F ⚜️,https://p16-sign-sg.tiktokcdn.com/aweme/100x100/tos-alisg-avt-0068/e5f1760a3b8ecc4abc51c942b7acb5bc.jpeg?x-expires=1629694800&x-signature=nvhMGc8UP6uPQa7O%2B3%2FjlB9XkuE%3D,⚜️ The Baddest of The Wolves ⚜️,False,False
92,imanbadboy1992,imanBadboy1992,https://p16-sign-va.tiktokcdn.com/tos-maliva-avt-0068/4feb7c9f6733929761529b6ff06c1b94~c5_100x100.jpeg?x-expires=1629694800&x-signature=2Uk12kxPa8jKAxNcs34MWteJXDw%3D,i love you,False,False
93,iamcardib,Cardi B,https://p16-sign-va.tiktokcdn.com/musically-maliva-obj/48c51aa1dfe0bca318c81c9bfb860966~c5_100x100.jpeg?x-expires=1629694800&x-signature=lTcOhz0awt7I1XOyObjg%2F6f0tf8%3D,Official Cardi B TikTok,True,False
94,mafishguy,Fishing Guy,https://p16-sign-va.tiktokcdn.com/tos-maliva-avt-0068/41e9b17d343a9c77a4b3ac8d16d824a2~c5_100x100.jpeg?x-expires=1629694800&x-signature=sgDNpIcbKOq27HzIBSuEUyJbENc%3D,"🇺🇸fisherman🇺🇸
Business anonymous - uu2697650@gmail.com",False,False
95,adrien_nunez,Adrien Nunez,https://p16-sign-va.tiktokcdn.com/tos-maliva-avt-0068/1111fa780218c07eb5c6118d33000a6e~c5_100x100.jpeg?x-expires=1629694800&x-signature=8b6tEkYM8ZKGIs6zTszU7eM1fOk%3D,"Brooklyn🗽 🇩🇴
adrien@delkatalents.com",True,False
96,gabriel121180,gabriel121180,https://p16-sign-va.tiktokcdn.com/tos-maliva-avt-0068/d90cceea044d9d907dd26bbe4c069bb4~c5_100x100.jpeg?x-expires=1629694800&x-signature=4JiPj7EN4MLJS9mDHqTlHq%2FlSYw%3D,"Magic RevealedMagic TeachingIf you like it, click attention!👏👏",False,False
97,lifewithkleekai,lifewithkleekai,https://p16-sign-va.tiktokcdn.com/musically-maliva-obj/2007171f2d1e2dc9b25062f06f674715~c5_100x100.jpeg?x-expires=1629694800&x-signature=1StPKBvAfRn7OyHQUYThtq0Q53w%3D,Alaskan Klee Kai in UK 🇬🇧,True,False
98,terrythe4th,terrythe4th,https://p16-sign-va.tiktokcdn.com/tos-maliva-avt-0068/b334f4e9f41036776ee3cb94c913d1d7~c5_100x100.jpeg?x-expires=1629694800&x-signature=XElkuiRTcujbcQHRSUK2CSaMGH0%3D,Check out my YouTube plz it is: Terry Moore,False,False
99,highlinek,Highlinek,https://p16-sign-va.tiktokcdn.com/tos-maliva-avt-0068/9612de914c6aa6b572018458b576f3a8~c5_100x100.jpeg?x-expires=1629694800&x-signature=f9GVkPuSlLCLPXimuzsOGj3lUks%3D,Hey guys,False,False
